[{"id":"AC_BACKSTAGE_PACK","name":"AC Backstage Pack","description":"Rock the AC Backstage Pack! Get ready to party with this pack's <color=#E4FF4A>\u00a25,000</color> Company Coins and <color=#FF00EE>10</color> Research Points. Snag it now and light up the party!","type":"BUNDLE","consumable":false,"enabled":false,"rewardSoft":0,"rewardHard":5000,"rewardResearchPoints":10,"convertOwned":false,"rewardAvatarItems":[],"rewardAvatarItemsFlat":[],"rewardGameplayItems":[],"priceUSD":19.99},{"id":"AC_JAM_PACK","name":"AC Jam Pack","description":"Yo, crank up the vibes with the AC Jam Pack! This boombox-blastin\u2019 bundle drops <color=#E4FF4A>\u00a22,200</color> Company Coins and <color=#FF00EE>5</color> Research Points to keep your groove goin\u2019.","type":"BUNDLE","consumable":false,"enabled":false,"rewardSoft":0,"rewardHard":2200,"rewardResearchPoints":5,"convertOwned":false,"rewardAvatarItems":[],"rewardAvatarItemsFlat":[],"rewardGameplayItems":[],"priceUSD":9.99},{"id":"ADVANCED_RESEARCH_PACK","name":"Advanced Research Pack","description":"Includes <color=#FF00EE>30 Research Points</color> ","type":"BUNDLE","consumable":false,"enabled":true,"rewardSoft":0,"rewardHard":0,"rewardResearchPoints":30,"convertOwned":false,"rewardAvatarItems":[],"rewardAvatarItemsFlat":[],"rewardGameplayItems":[],"priceUSD":19.99},{"id":"ALPHASUIT_BUNDLE","name":"Alpha Suit Bundle","description":"Gear up with the amazing Alpha Suit Bundle! This bundle comes with the Alpha Suit outfit, Alpha Blade item, and <color=#E4FF4A>2500</color> shiny Company Coins to buy seasonal fashion.","type":"BUNDLE","consumable":false,"enabled":true,"rewardSoft":0,"rewardHard":2500,"rewardResearchPoints":0,"convertOwned":false,"rewardAvatarItems":["outfit_alphasuit"],"rewardAvatarItemsFlat":["acc_fit_alphasuit","acc_fit_head_alphahelmet","outfit_alphasuit"],"rewardGameplayItems":["item_alphablade"],"priceUSD":14.99},{"id":"ANIMAL_PARTS_PACK","name":"Bold Gold Old Pack","description":"Bold, Gold, and Old. The gyatt is bold, the hand is old, and the grenade is gold.\n* 1 Big Gyatt\n* Original Gorilla Hands\n* Golden Grenade\n* <color=#E4FF4A>5,000 Company Coins</color>","type":"BUNDLE","consumable":false,"enabled":false,"rewardSoft":0,"rewardHard":5000,"rewardResearchPoints":0,"convertOwned":false,"rewardAvatarItems":["bp_arm_l_gorilla_og","bp_arm_r_gorilla_og","bp_butt_bigbutt"],"rewardAvatarItemsFlat":["bp_arm_l_gorilla_og","bp_arm_r_gorilla_og","bp_butt_bigbutt"],"rewardGameplayItems":["item_grenade_gold"],"priceUSD":19.99},{"id":"ANNIVERSARY_PACK","name":"Anniversary Pack","description":"This limited-time sale brings together an irresistible lineup: \n* Tiger\n* Cat\n* Kitten\n* Pug\n* Shepherd","type":"BUNDLE","consumable":false,"enabled":false,"rewardSoft":0,"rewardHard":0,"rewardResearchPoints":0,"convertOwned":true,"rewardAvatarItems":["animal_cat","animal_germanshep","animal_kitten","animal_pug","animal_tiger"],"rewardAvatarItemsFlat":["animal_cat","animal_germanshep","animal_kitten","animal_pug","animal_tiger","bp_arm_l_cat","bp_arm_l_germanshep","bp_arm_l_kitten","bp_arm_l_pug","bp_arm_l_tiger","bp_arm_r_cat","bp_arm_r_germanshep","bp_arm_r_kitten","bp_arm_r_pug","bp_arm_r_tiger","bp_butt_cat","bp_butt_germanshep","bp_butt_kitten","bp_butt_pug","bp_butt_tiger","bp_eye_cat","bp_eye_germanshep","bp_eye_kitten","bp_eye_pug","bp_eye_tiger","bp_head_cat","bp_head_germanshep","bp_head_kitten","bp_head_pug","bp_head_tiger","bp_tail_cat","bp_tail_germanshep","bp_tail_kitten","bp_tail_pug","bp_tail_tiger","bp_torso_cat","bp_torso_germanshep","bp_torso_kitten","bp_torso_pug","bp_torso_tiger"],"rewardGameplayItems":[],"priceUSD":49.99},{"id":"BATTLE_SHARK","name":"Battle Shark Bundle","description":"* 1 Great White Shark\n* 1 Goblin shark\n* 1 Hammerhead Shark\n* Aqua Armor Outfit in 3 colors\n* <color=#E4FF4A>10,000 Company Coins</color>","type":"BUNDLE","consumable":false,"enabled":false,"rewardSoft":0,"rewardHard":10000,"rewardResearchPoints":0,"convertOwned":false,"rewardAvatarItems":["animal_shark","animal_shark_goblin","animal_shark_hammer","character_battle_shark","outfit_aquaarmor","outfit_aquaarmor_green","outfit_aquaarmor_red"],"rewardAvatarItemsFlat":["acc_fit_aquaarmor","acc_fit_aquaarmor_green","acc_fit_aquaarmor_red","acc_fit_head_aquaarmor","acc_fit_head_aquaarmor_green","acc_fit_head_aquaarmor_red","animal_shark","animal_shark_goblin","animal_shark_hammer","bp_arm_l_shark","bp_arm_r_shark","bp_butt_shark","bp_eye_shark","bp_head_shark","bp_head_shark_goblin","bp_head_shark_hammer","bp_tail_shark","bp_torso_shark","character_battle_shark","outfit_aquaarmor","outfit_aquaarmor_green","outfit_aquaarmor_red"],"rewardGameplayItems":[],"priceUSD":29.99},{"id":"BUNNY_DRIP_PACK","name":"Bunny Drip Pack","description":"This exciting outfit bundle comes with 3 outfit color variations of Bunny Ears and Easter Vest Bundle.","type":"BUNDLE","consumable":false,"enabled":false,"rewardSoft":0,"rewardHard":0,"rewardResearchPoints":0,"convertOwned":false,"rewardAvatarItems":["outfit_bunnydrip_blue","outfit_bunnydrip_pink","outfit_bunnydrip_yellow"],"rewardAvatarItemsFlat":["acc_fit_eastervest","acc_fit_eastervest_blue","acc_fit_eastervest_yellow","acc_fit_head_bunnyears","acc_fit_head_bunnyears_blue","acc_fit_head_bunnyears_yellow","outfit_bunnydrip_blue","outfit_bunnydrip_pink","outfit_bunnydrip_yellow"],"rewardGameplayItems":[],"priceUSD":9.99},{"id":"CAPYBARA_BUNDLE","name":"Capybara Bundle","description":"Look out for clues and go on adventures with detective Capybara!\n* 1 Capybara Animal\n* 3 Detective outfits (Brown, Yellow and Blue)\n* 3 Body types (Regular, Chubby and Buff)\n* <color=#E4FF4A>10,000 Company Coins</color>","type":"BUNDLE","consumable":false,"enabled":false,"rewardSoft":0,"rewardHard":10000,"rewardResearchPoints":0,"convertOwned":false,"rewardAvatarItems":["animal_capybara","animal_capybara_chubby","animal_capybara_muscular","character_detective_capy","outfit_sherlockcoat","outfit_sherlockcoat_blue","outfit_sherlockcoat_yellow"],"rewardAvatarItemsFlat":["acc_fit_sherlockcoat","acc_fit_sherlockcoat_blue","acc_fit_sherlockcoat_yellow","acc_head_sherlockhat","acc_head_sherlockhat_blue","acc_head_sherlockhat_yellow","animal_capybara","animal_capybara_chubby","animal_capybara_muscular","bp_arm_l_capybara","bp_arm_l_capybara_chubby","bp_arm_l_capybara_muscular","bp_arm_r_capybara","bp_arm_r_capybara_chubby","bp_arm_r_capybara_muscular","bp_butt_capybara","bp_butt_capybara_chubby","bp_butt_capybara_muscular","bp_eye_capybara","bp_head_capybara","bp_torso_capybara","bp_torso_capybara_chubby","bp_torso_capybara_muscular","character_detective_capy","outfit_sherlockcoat","outfit_sherlockcoat_blue","outfit_sherlockcoat_yellow"],"rewardGameplayItems":[],"priceUSD":29.99},{"id":"CELESTIAL_CELEBRATION_PACK","name":"Celestial Celebration Pack","description":"A bigger Celebration Pack for the Lunar New Year of <color=#E4FF4A>\u00a25000</color> Company Coins and <color=#FF00EE>10</color> Research Points!","type":"BUNDLE","consumable":false,"enabled":false,"rewardSoft":0,"rewardHard":5000,"rewardResearchPoints":10,"convertOwned":false,"rewardAvatarItems":[],"rewardAvatarItemsFlat":[],"rewardGameplayItems":[],"priceUSD":19.99},{"id":"CHAMELEON_BUNDLE","name":"Chame Leo Bundle","description":"New chameleon with 3 groove-tastic outfits, 3 head variations, and <color=#E4FF4A>\u00a210,000</color> Company Coins! Get your colors on as summer approaches!","type":"BUNDLE","consumable":false,"enabled":false,"rewardSoft":0,"rewardHard":10000,"rewardResearchPoints":0,"convertOwned":false,"rewardAvatarItems":["bp_head_chameleon_crest","bp_head_chameleon_horns","character_chame_leo","outfit_hippie","outfit_punkrock","outfit_rocker"],"rewardAvatarItemsFlat":["acc_fit_denimjacket","acc_fit_denimjacket_hippie","acc_fit_head_mohawk","acc_fit_head_rockhair","acc_fit_head_rockhair_redblonde","acc_fit_leatherjacket","animal_chameleon","bp_arm_l_chameleon","bp_arm_r_chameleon","bp_butt_chameleon","bp_eye_chameleon","bp_head_chameleon","bp_head_chameleon_crest","bp_head_chameleon_horns","bp_tail_chameleon","bp_torso_chameleon","character_chame_leo","outfit_hippie","outfit_punkrock","outfit_rocker"],"rewardGameplayItems":[],"priceUSD":29.99},{"id":"CINCODEMAYO_CINCO_SALE","name":"Cinco de Mayo Cinco Sale","description":"Atencion! Cinco de Mayo Cinco Sale is packed with <color=#E4FF4A>\u00a22,500</color> Company Coins. Get it now!","type":"BUNDLE","consumable":false,"enabled":false,"rewardSoft":0,"rewardHard":2500,"rewardResearchPoints":0,"convertOwned":false,"rewardAvatarItems":[],"rewardAvatarItemsFlat":[],"rewardGameplayItems":[],"priceUSD":4.99},{"id":"CINCODEMAYO_DIEZ_DEAL","name":"Cinco de Mayo Diez Deal","description":"Grab your Cinco de Mayo Diez Deal, packed with <color=#E4FF4A>\u00a25,000</color> Company Coins!","type":"BUNDLE","consumable":false,"enabled":false,"rewardSoft":0,"rewardHard":5000,"rewardResearchPoints":0,"convertOwned":false,"rewardAvatarItems":[],"rewardAvatarItemsFlat":[],"rewardGameplayItems":[],"priceUSD":9.99},{"id":"CURRENCY_LARGE","name":"Large Currency Pack","description":"5,000 Company Coins","type":"CURRENCY","consumable":true,"enabled":true,"rewardSoft":0,"rewardHard":5000,"rewardResearchPoints":0,"convertOwned":false,"rewardAvatarItems":[],"rewardAvatarItemsFlat":[],"rewardGameplayItems":[],"priceUSD":19.99},{"id":"CURRENCY_MEDIUM","name":"Medium Currency Pack","description":"2,200 Company Coins","type":"CURRENCY","consumable":true,"enabled":true,"rewardSoft":0,"rewardHard":2200,"rewardResearchPoints":0,"convertOwned":false,"rewardAvatarItems":[],"rewardAvatarItemsFlat":[],"rewardGameplayItems":[],"priceUSD":9.99},{"id":"CURRENCY_SMALL","name":"Small Currency Pack","description":"1,000 Company Coins","type":"CURRENCY","consumable":true,"enabled":true,"rewardSoft":0,"rewardHard":1000,"rewardResearchPoints":0,"convertOwned":false,"rewardAvatarItems":[],"rewardAvatarItemsFlat":[],"rewardGameplayItems":[],"priceUSD":4.99},{"id":"DELTAHARE_BUNDLE","name":"Delta Hare Bundle","description":"Ready to sneak inside spooky places and retrieve secret treasures?! Meet Delta Hare\u2014complete with 4 stylish outfits, adorable floppy ears, and a hefty <color=#E4FF4A>\u00a210,000</color> Company Coins!","type":"BUNDLE","consumable":false,"enabled":false,"rewardSoft":0,"rewardHard":10000,"rewardResearchPoints":0,"convertOwned":false,"rewardAvatarItems":["bp_head_rabbit_foldedear","bp_head_rabbit_lopear","character_delta_hare","outfit_deltahare_blue","outfit_deltahare_desert","outfit_deltahare_green","outfit_deltahare_snow"],"rewardAvatarItemsFlat":["acc_fit_face_glasses_eyepatch","acc_fit_face_glasses_eyepatch_desert","acc_fit_face_glasses_eyepatch_green","acc_fit_face_glasses_eyepatch_snow","acc_fit_head_headband","acc_fit_head_headband_desert","acc_fit_head_headband_red","acc_fit_head_headband_snow","acc_fit_sneakingsuit","acc_fit_sneakingsuit_desert","acc_fit_sneakingsuit_green","acc_fit_sneakingsuit_snow","animal_rabbit","bp_arm_l_rabbit","bp_arm_r_rabbit","bp_butt_rabbit","bp_eye_rabbit","bp_head_rabbit","bp_head_rabbit_foldedear","bp_head_rabbit_lopear","bp_tail_rabbit","bp_torso_rabbit","character_delta_hare","outfit_deltahare_blue","outfit_deltahare_desert","outfit_deltahare_green","outfit_deltahare_snow"],"rewardGameplayItems":[],"priceUSD":29.99},{"id":"DUCK_BUNDLE","name":"Metal Duck Bundle","description":"Metal Duck comes plowing in with 2 cyber-cool outfits, 1 head variation, 1 cyborg eye, 1 set of metal arms and <color=#E4FF4A>\u00a210,000</color> Company Coins! Stay Metal!","type":"BUNDLE","consumable":false,"enabled":false,"rewardSoft":0,"rewardHard":10000,"rewardResearchPoints":0,"convertOwned":false,"rewardAvatarItems":["animal_cyborg_duck","animal_duck","character_metal_duck","outfit_cybersuit","outfit_cyborg_punk"],"rewardAvatarItemsFlat":["acc_face_cybersuit_helmet","acc_face_sunglasses_damaged","acc_fit_cybersuit","acc_fit_head_hair_spikey","acc_fit_jacketleatherfuture","animal_cyborg_duck","animal_duck","bp_arm_l_duck","bp_arm_l_duck_metal","bp_arm_r_duck","bp_arm_r_duck_metal","bp_butt_duck","bp_eye_duck","bp_eye_duck_cyborg","bp_head_duck","bp_head_duck_cyborg","bp_tail_duck","bp_torso_duck","character_metal_duck","outfit_cybersuit","outfit_cyborg_punk"],"rewardGameplayItems":[],"priceUSD":29.99},{"id":"EXTRA_LARGE_CURRENCY_PACK","name":"Extra Large Currency Pack","description":"11,000 Company Coins","type":"CURRENCY","consumable":true,"enabled":true,"rewardSoft":0,"rewardHard":11000,"rewardResearchPoints":0,"convertOwned":false,"rewardAvatarItems":[],"rewardAvatarItemsFlat":[],"rewardGameplayItems":[],"priceUSD":39.99},{"id":"FLYING_SQUIRREL_UMBRELLA_PACK","name":"Flying Squirrel Umbrella Pack","description":"Glide in style with this exclusive pack! This pack includes:\n* Flying Squirrel Umbrella Item\n* <color=#E4FF4A>2,200 Company Coins</color>","type":"BUNDLE","consumable":false,"enabled":false,"rewardSoft":0,"rewardHard":2200,"rewardResearchPoints":0,"convertOwned":false,"rewardAvatarItems":[],"rewardAvatarItemsFlat":[],"rewardGameplayItems":["item_umbrella_squirrel"],"priceUSD":9.99},{"id":"FROG_BUNDLE","name":"Sigma Frog Bundle","description":"* Frog Body\n* Suit and Tie\n* Classic Headphones\n* <color=#E4FF4A>\u00a210,000</color> Company Coins","type":"BUNDLE","consumable":false,"enabled":false,"rewardSoft":0,"rewardHard":10000,"rewardResearchPoints":0,"convertOwned":false,"rewardAvatarItems":["character_sigma_frog"],"rewardAvatarItemsFlat":["acc_fit_business_suit","acc_head_black_1984_headphones","animal_frog","bp_arm_l_frog","bp_arm_r_frog","bp_butt_frog","bp_eye_frog","bp_head_frog","bp_torso_frog","character_sigma_frog"],"rewardGameplayItems":[],"priceUSD":29.99},{"id":"G.O.A.T_BUNDLE","name":"G.O.A.T Bundle","description":"Dominate the competition with style and charisma in the G.O.A.T. Character Bundle \u2014because legends aren\u2019t born; they\u2019re played.\n\n* Goat animal with 3 epic horns\n* 3 color variations of employee's suit & tie\n* <color=#E4FF4A>\u00a210,000</color> Company Coins","type":"BUNDLE","consumable":false,"enabled":false,"rewardSoft":0,"rewardHard":10000,"rewardResearchPoints":0,"convertOwned":false,"rewardAvatarItems":["character_goat","character_goat_ram","character_goat_smallhorns"],"rewardAvatarItemsFlat":["acc_face_glasses_coolglasses","acc_fit_coolsuit","acc_fit_coolsuit_bluewhite","acc_fit_coolsuit_purplewhite","animal_goat","bp_arm_l_goat","bp_arm_r_goat","bp_butt_goat","bp_eye_goat","bp_head_goat","bp_head_goat_ramhorns","bp_head_goat_shorthorns","bp_tail_goat","bp_torso_goat","character_goat","character_goat_ram","character_goat_smallhorns","outfit_employee_suit_blue","outfit_employee_suit_gold","outfit_employee_suit_purple"],"rewardGameplayItems":[],"priceUSD":29.99},{"id":"GALAXY_PACK","name":"Galaxy Pack","description":"Animal parts are cool! Get em before they're gone:\n- Alien eyes\n- Galaxy gyatt\n- <color=#E4FF4A>3500 Company Coins</color>","type":"BUNDLE","consumable":false,"enabled":false,"rewardSoft":0,"rewardHard":3500,"rewardResearchPoints":0,"convertOwned":false,"rewardAvatarItems":["bp_butt_bigbutt_galaxy","bp_eye_alieneyes"],"rewardAvatarItemsFlat":["bp_butt_bigbutt_galaxy","bp_eye_alieneyes"],"rewardGameplayItems":[],"priceUSD":14.99},{"id":"GRIM_GORILLA_BUNDLE","name":"Grim Gorilla Bundle","description":"* Skeleton Gorilla Animal\n* Skeleton Body Parts\n* Grim Reaper Robe\n* <color=#E4FF4A>\u00a210,000</color> Company Coins","type":"BUNDLE","consumable":false,"enabled":false,"rewardSoft":0,"rewardHard":10000,"rewardResearchPoints":0,"convertOwned":false,"rewardAvatarItems":["character_grim_gorilla"],"rewardAvatarItemsFlat":["acc_fit_grimreaper","animal_skeletongorilla","bp_arm_l_skeletongorilla","bp_arm_r_skeletongorilla","bp_butt_skeletongorilla","bp_eye_skeletongorilla","bp_head_skeletongorilla","bp_torso_skeletongorilla","character_grim_gorilla"],"rewardGameplayItems":[],"priceUSD":29.99},{"id":"HEATWAVE_HAUL","name":"Heatwave Haul Pack","description":"A great deal of <color=#E4FF4A>3,500 Company Coins</color> to spend on seasonal fashion and research points","type":"BUNDLE","consumable":false,"enabled":false,"rewardSoft":0,"rewardHard":3500,"rewardResearchPoints":0,"convertOwned":false,"rewardAvatarItems":[],"rewardAvatarItemsFlat":[],"rewardGameplayItems":[],"priceUSD":7.99},{"id":"HEXBAT_BUNDLE","name":"Hexbat Bundle","description":"This bundle comes flying in with:\n* 1 Bat Animal (6 parts)\n* Vampire, Fruit and Leaf-nose Bat heads\n* Wizard Cloak and Hat (4 variations)\n* <color=#E4FF4A>10,000 Company Coins</color>","type":"BUNDLE","consumable":false,"enabled":true,"rewardSoft":0,"rewardHard":10000,"rewardResearchPoints":0,"convertOwned":false,"rewardAvatarItems":["animal_bat","animal_bat_fruit","animal_bat_leafnose","character_hexbat","outfit_wizardcloak","outfit_wizardcloak_purple","outfit_wizardcloak_red","outfit_wizardcloak_white"],"rewardAvatarItemsFlat":["acc_fit_wizardcloak","acc_fit_wizardcloak_purple","acc_fit_wizardcloak_red","acc_fit_wizardcloak_white","acc_head_wizardhat","acc_head_wizardhat_purple","acc_head_wizardhat_red","acc_head_wizardhat_white","animal_bat","animal_bat_fruit","animal_bat_leafnose","bp_arm_l_bat","bp_arm_r_bat","bp_butt_bat","bp_eye_bat","bp_head_bat","bp_head_bat_fruit","bp_head_bat_leafnose","bp_tail_bat","bp_torso_bat","character_hexbat","outfit_wizardcloak","outfit_wizardcloak_purple","outfit_wizardcloak_red","outfit_wizardcloak_white"],"rewardGameplayItems":[],"priceUSD":29.99},{"id":"HOLIDAY_COINS_BAG","name":"Holiday Coins Bag","description":"Snag a sack of 2,500 Company Coins for just $4.99 \u2013 a deal so good, even Santa's elves are jealous!","type":"BUNDLE","consumable":false,"enabled":false,"rewardSoft":0,"rewardHard":2500,"rewardResearchPoints":0,"convertOwned":false,"rewardAvatarItems":[],"rewardAvatarItemsFlat":[],"rewardGameplayItems":[],"priceUSD":4.99},{"id":"HOPPIN_HOODIE_PACK","name":"Hoppin Hoodies Pack","description":"Pack of 4 rabbit hoodies in color variations!","type":"BUNDLE","consumable":false,"enabled":false,"rewardSoft":0,"rewardHard":0,"rewardResearchPoints":0,"convertOwned":false,"rewardAvatarItems":["outfit_bunny","outfit_bunny_blackwhite","outfit_bunny_blue","outfit_bunny_yellow"],"rewardAvatarItemsFlat":["acc_fit_bunnyoutfit","acc_fit_bunnyoutfit_blackwhite","acc_fit_bunnyoutfit_blue","acc_fit_bunnyoutfit_yellow","acc_nosetip_bunny","acc_nosetip_bunny_blackwhite","acc_nosetip_bunny_blue","acc_nosetip_bunny_yellow","outfit_bunny","outfit_bunny_blackwhite","outfit_bunny_blue","outfit_bunny_yellow"],"rewardGameplayItems":[],"priceUSD":19.99},{"id":"JUMP_START_PACK","name":"Jump Start Pack","description":"Ready, set, jump! This pack contains a perfect combination of ingredients to start the day:\n* <color=white>50,000 Nuts</color>\n* <color=#E4FF4A>2,000 Company Coins</color>\n* <color=#FF00FF>10 Research Points</color>","type":"BUNDLE","consumable":false,"enabled":true,"rewardSoft":50000,"rewardHard":2000,"rewardResearchPoints":10,"convertOwned":false,"rewardAvatarItems":[],"rewardAvatarItemsFlat":[],"rewardGameplayItems":[],"priceUSD":4.99},{"id":"KING_CROC_BUNDLE","name":"King Croc Bundle","description":"Here comes King Croc powering through the sand dunes! Purchase this add-on and get:\n* Crocodile Animal (6 parts)\n* 3 head variations: Crocodile, Gharial and Spikey \n* Pharaoh Outfit (3 Variations)\n* <color=#E4FF4A>10,000 Company Coins</color>","type":"BUNDLE","consumable":false,"enabled":true,"rewardSoft":0,"rewardHard":10000,"rewardResearchPoints":0,"convertOwned":false,"rewardAvatarItems":["animal_crocodile","animal_crocodile_gharial","animal_crocodile_spikey","character_king_croc","outfit_pharaoh","outfit_pharaoh_black","outfit_pharaoh_white"],"rewardAvatarItemsFlat":["acc_fit_head_pharaoh","acc_fit_head_pharaoh_black","acc_fit_head_pharaoh_white","acc_fit_pharaoh","acc_fit_pharaoh_black","acc_fit_pharaoh_white","animal_crocodile","animal_crocodile_gharial","animal_crocodile_spikey","bp_arm_l_crocodile","bp_arm_r_crocodile","bp_butt_crocodile","bp_eye_crocodile","bp_head_crocodile","bp_head_crocodile_gharial","bp_head_crocodile_spikey","bp_tail_crocodile","bp_torso_crocodile","character_king_croc","outfit_pharaoh","outfit_pharaoh_black","outfit_pharaoh_white"],"rewardGameplayItems":[],"priceUSD":29.99},{"id":"KPOP_GOLD","name":"KPop Gold Trophy","description":"Get this amazing deal of <color=#E4FF4A>2300 Company Coins</color> and <color=#FF00EE>7 Research points</color> for your favorite seasonal fashion outfits and research points!","type":"BUNDLE","consumable":false,"enabled":false,"rewardSoft":0,"rewardHard":2300,"rewardResearchPoints":7,"convertOwned":false,"rewardAvatarItems":[],"rewardAvatarItemsFlat":[],"rewardGameplayItems":[],"priceUSD":8.99},{"id":"KPOP_SILVER","name":"KPop Silver Trophy","description":"Ready for advenures? Buy this pack and get <color=#E4FF4A>1,000 Company Coins</color> and <color=#FF00EE>3 Research Points</color> to boost up your look and abilities!","type":"BUNDLE","consumable":false,"enabled":false,"rewardSoft":0,"rewardHard":1000,"rewardResearchPoints":3,"convertOwned":false,"rewardAvatarItems":[],"rewardAvatarItemsFlat":[],"rewardGameplayItems":[],"priceUSD":3.99},{"id":"LUCKY_PACK","name":"Lucky Envelope","description":"Enjoy St. Patrick's Day with a Lucky Envelope of <color=#E4FF4A>\u00a22,500</color> Company Coins","type":"BUNDLE","consumable":false,"enabled":false,"rewardSoft":0,"rewardHard":2500,"rewardResearchPoints":0,"convertOwned":false,"rewardAvatarItems":[],"rewardAvatarItemsFlat":[],"rewardGameplayItems":[],"priceUSD":4.99},{"id":"MOLE_A_TOV_BUNDLE","name":"Mole-A-Tov Bundle","description":"A fearless Miner Mole with 3 epic outfits, ready to dominate the caves. Plus, <color=#E4FF4A>\u00a210,000</color> Company Coins to snag seasonal fashion and must-have items. Let\u2019s dig in!","type":"BUNDLE","consumable":false,"enabled":false,"rewardSoft":0,"rewardHard":10000,"rewardResearchPoints":0,"convertOwned":false,"rewardAvatarItems":["character_mole_a_tov","outfit_demolitionjumpsuit","outfit_demolitionjumpsuit_green","outfit_demolitionjumpsuit_red"],"rewardAvatarItemsFlat":["acc_face_goggles","acc_face_goggles_green","acc_face_goggles_red","acc_fit_demolitionjumpsuit","acc_fit_demolitionjumpsuit_green","acc_fit_demolitionjumpsuit_red","acc_head_minerhat","acc_head_minerhat_green","acc_head_minerhat_red","animal_mole","bp_arm_l_mole","bp_arm_r_mole","bp_butt_mole","bp_eye_mole","bp_head_mole","bp_tail_mole","bp_torso_mole","character_mole_a_tov","outfit_demolitionjumpsuit","outfit_demolitionjumpsuit_green","outfit_demolitionjumpsuit_red"],"rewardGameplayItems":[],"priceUSD":29.99},{"id":"OG_BUNDLE","name":"OG Premium Bundle","description":"Celebrate our 1 year anniversary with the OG Bundle with our shiny new Golden AC jacket, Golden Glasses, OG hat - AND a brand new Golden Gun!","type":"BUNDLE","consumable":false,"enabled":false,"rewardSoft":0,"rewardHard":0,"rewardResearchPoints":0,"convertOwned":false,"rewardAvatarItems":["outfit_og_fit1","outfit_og_fit2"],"rewardAvatarItemsFlat":["acc_face_glasses_shuttershadesdiscord_gold","acc_fit_varsityjacket_gold","acc_fit_varsityjacket_gold2","acc_head_cap","outfit_og_fit1","outfit_og_fit2"],"rewardGameplayItems":["item_revolver_gold"],"priceUSD":19.99},{"id":"PEEL_DEAL","name":"Peel Deal Pack","description":"Sometimes banana is the answer:\n* Wiggly Banana Peel Tail\n* <color=#E4FF4A>1500 Company Coins</color>","type":"BUNDLE","consumable":false,"enabled":false,"rewardSoft":0,"rewardHard":1500,"rewardResearchPoints":0,"convertOwned":false,"rewardAvatarItems":["bp_tail_bananapeeltail"],"rewardAvatarItemsFlat":["bp_tail_bananapeeltail"],"rewardGameplayItems":[],"priceUSD":7.99},{"id":"POLAR_PAWS_BUNDLE","name":"Polar Paws","description":"* Polar Bear Animal & Parts\n* Winter Goggles\n* Red Scarf\n* <color=#E4FF4A>\u00a22,000</color> Company Coins","type":"BUNDLE","consumable":false,"enabled":false,"rewardSoft":0,"rewardHard":2000,"rewardResearchPoints":0,"convertOwned":false,"rewardAvatarItems":["character_polar_paws"],"rewardAvatarItemsFlat":["acc_fit_winterscarf","acc_head_winterglasses","animal_polarbear","bp_arm_l_polarbear","bp_arm_r_polarbear","bp_butt_polarbear","bp_eye_polarbear","bp_head_polarbear","bp_tail_polarbear","bp_torso_polarbear","character_polar_paws"],"rewardGameplayItems":[],"priceUSD":9.99},{"id":"POT_OF_GOLD","name":"Pot of Gold Pack","description":"Grab your Pot of Gold to celebrate St. Patrick's day packed with <color=#E4FF4A>\u00a210,000</color> Company Coins","type":"BUNDLE","consumable":false,"enabled":false,"rewardSoft":0,"rewardHard":10000,"rewardResearchPoints":0,"convertOwned":false,"rewardAvatarItems":[],"rewardAvatarItemsFlat":[],"rewardGameplayItems":[],"priceUSD":19.99},{"id":"PUMPKIN_BOMB","name":"Pumpkin Bomb Pack","description":"It's spooky season! Packed with <color=#E4FF4A>2000</color> Company Coins, these pumpkin bombs are great to throw around and watch the mayhem unfold!","type":"BUNDLE","consumable":false,"enabled":true,"rewardSoft":0,"rewardHard":2000,"rewardResearchPoints":0,"convertOwned":false,"rewardAvatarItems":[],"rewardAvatarItemsFlat":[],"rewardGameplayItems":["item_pumpkin_bomb"],"priceUSD":9.99},{"id":"RADIATION_GLOWBLASTER","name":"Radiation Glow Blaster","description":"Turn everybody green with envy when you use this Radiation Glow Blaster to light up the world! This pack also comes with <color=#E4FF4A>2000</color> Company Coins!","type":"BUNDLE","consumable":false,"enabled":true,"rewardSoft":0,"rewardHard":2000,"rewardResearchPoints":0,"convertOwned":false,"rewardAvatarItems":[],"rewardAvatarItemsFlat":[],"rewardGameplayItems":["item_radiation_gun"],"priceUSD":9.99},{"id":"RED_ENVELOPE_PACK","name":"Red Envelope Pack","description":"Celebrate Lunar New Year with this Red Envelope Pack including <color=#E4FF4A>\u00a22200</color> Company Coins and <color=#FF00EE>4</color> Research Points","type":"BUNDLE","consumable":false,"enabled":false,"rewardSoft":0,"rewardHard":2200,"rewardResearchPoints":4,"convertOwned":false,"rewardAvatarItems":[],"rewardAvatarItemsFlat":[],"rewardGameplayItems":[],"priceUSD":9.99},{"id":"RESEARCH_PACK","name":"Research Starter Pack","description":"Includes <color=#FF00FF>12 Research Points</color> and <color=white>25,000 Nuts</color>","type":"BUNDLE","consumable":false,"enabled":true,"rewardSoft":25000,"rewardHard":0,"rewardResearchPoints":12,"convertOwned":false,"rewardAvatarItems":[],"rewardAvatarItemsFlat":[],"rewardGameplayItems":[],"priceUSD":9.99},{"id":"SHELLLONG_BUNDLE","name":"Shell Long Bundle","description":"Outsmart your opponents with the famous zen Kung Fu master! With 3 outfits, 4 different shells and <color=#E4FF4A>\u00a210,000</color> Company Coins, this is a one must-have bundle.","type":"BUNDLE","consumable":false,"enabled":false,"rewardSoft":0,"rewardHard":10000,"rewardResearchPoints":0,"convertOwned":false,"rewardAvatarItems":["bp_torso_turtle_shell2","bp_torso_turtle_shell3","bp_torso_turtle_shell4","character_shelllong","outfit_kungfu_black","outfit_kungfu_blue"],"rewardAvatarItemsFlat":["acc_fit_kungfucoat","acc_fit_kungfucoat_black","acc_fit_kungfucoat_blue","acc_head_kungfuhat","acc_head_ricepattyhat","acc_head_ricepattyhat_blue","animal_turtle","bp_arm_l_turtle","bp_arm_r_turtle","bp_butt_turtle","bp_eye_turtle","bp_head_turtle","bp_torso_turtle","bp_torso_turtle_shell2","bp_torso_turtle_shell3","bp_torso_turtle_shell4","character_shelllong","outfit_kungfu_black","outfit_kungfu_blue","outfit_kungfu_orange"],"rewardGameplayItems":[],"priceUSD":29.99},{"id":"SHINY_PACK","name":"Shiny Pack","description":"Shiny Pack includes a shiny neon Miner outfit, a shiny Drill with <color=#E4FF4A>5000 Company Coins</color> to buy seasonal fashion and research points.","type":"BUNDLE","consumable":false,"enabled":false,"rewardSoft":0,"rewardHard":5000,"rewardResearchPoints":0,"convertOwned":false,"rewardAvatarItems":["outfit_neon_miner"],"rewardAvatarItemsFlat":["acc_face_goggles_aura","acc_fit_demolitionjumpsuit_aura","acc_head_minerhat_aura","outfit_neon_miner"],"rewardGameplayItems":["item_drill_neon"],"priceUSD":19.99},{"id":"SHINY_SUMMER_PACK","name":"Shiny Summer Pack","description":"Make a splash this season with the ultimate flex:\n* Shiny Swim Set that glistens like gold\n* Golden Ukulele to vibe on the beach or battle in style\n* <color=#E4FF4A>\u00a25,000</color> to spend on your drip","type":"BUNDLE","consumable":false,"enabled":false,"rewardSoft":0,"rewardHard":5000,"rewardResearchPoints":0,"convertOwned":false,"rewardAvatarItems":["outfit_shiny_swim_set"],"rewardAvatarItemsFlat":["acc_fit_hawaiianshirtgold","acc_head_summerhat_golden","outfit_shiny_swim_set"],"rewardGameplayItems":["item_ukulele_gold"],"priceUSD":19.99},{"id":"SKULLSTAG_BUNDLE","name":"Skullstag Bundle","description":"A new skeleton animal joins the roster:\n* 1 Skeleton Reindeer\n* 3 Samurai Armor Outfits\n* <color=#E4FF4A>10,000 Company Coins</color>","type":"BUNDLE","consumable":false,"enabled":true,"rewardSoft":0,"rewardHard":10000,"rewardResearchPoints":0,"convertOwned":false,"rewardAvatarItems":["animal_skeletonreindeer","character_skullstag","outfit_samuraiarmor","outfit_samuraiarmor_flesh","outfit_samuraiarmor_tech"],"rewardAvatarItemsFlat":["acc_fit_samuraiarmor","acc_fit_samuraiarmor_flesh","acc_fit_samuraiarmor_tech","acc_head_samuraihelmet","acc_head_samuraihelmet_flesh","acc_head_samuraihelmet_tech","animal_skeletonreindeer","bp_arm_l_skeletonreindeer","bp_arm_r_skeletonreindeer","bp_butt_skeletonreindeer","bp_eye_skeletonreindeer","bp_head_skeletonreindeer","bp_tail_skeletonreindeer","bp_torso_skeletonreindeer","character_skullstag","outfit_samuraiarmor","outfit_samuraiarmor_flesh","outfit_samuraiarmor_tech"],"rewardGameplayItems":[],"priceUSD":29.99},{"id":"SPRING_BLING_SUPER","name":"Spring Bling Super","description":"Spring Sale is here! Enjoy the spring with the Spring Bling Starter: <color=#E4FF4A>3,500</color> Company Coins and <color=#FF00EE>10</color> RP.","type":"BUNDLE","consumable":false,"enabled":false,"rewardSoft":0,"rewardHard":3500,"rewardResearchPoints":10,"convertOwned":false,"rewardAvatarItems":[],"rewardAvatarItemsFlat":[],"rewardGameplayItems":[],"priceUSD":9.99},{"id":"SPRING_BUNDLE_STARTER","name":"Spring Bling Starter","description":"Spring Sale is here! Enjoy the spring with the Spring Bling Starter: <color=#E4FF4A>1,500</color> Company Coins and <color=#FF00EE>4</color> RP.","type":"BUNDLE","consumable":false,"enabled":false,"rewardSoft":0,"rewardHard":1500,"rewardResearchPoints":4,"convertOwned":false,"rewardAvatarItems":[],"rewardAvatarItemsFlat":[],"rewardGameplayItems":[],"priceUSD":4.99},{"id":"SUMMER_SUN_SALE","name":"Summer Sun Sale","description":"Best Summer Sale Pack for <color=#E4FF4A>1,500 Company Coins</color> to spend on seasonal fashion and research points","type":"BUNDLE","consumable":false,"enabled":false,"rewardSoft":0,"rewardHard":1500,"rewardResearchPoints":0,"convertOwned":false,"rewardAvatarItems":[],"rewardAvatarItemsFlat":[],"rewardGameplayItems":[],"priceUSD":2.99},{"id":"SWAG_STAG_BUNDLE","name":"Swag Stag Bundle","description":"* Reindeer Animal\n* Reindeer Body Parts\n* Holiday Outfit\n* <color=#E4FF4A>\u00a210,000</color> Company Coins","type":"BUNDLE","consumable":false,"enabled":false,"rewardSoft":0,"rewardHard":10000,"rewardResearchPoints":0,"convertOwned":false,"rewardAvatarItems":["character_swag_stag"],"rewardAvatarItemsFlat":["acc_face_glasses_holiday","acc_fit_holidaysuit","animal_reindeer","bp_arm_l_reindeer","bp_arm_r_reindeer","bp_butt_reindeer","bp_eye_reindeer","bp_head_reindeer","bp_tail_reindeer","bp_torso_reindeer","character_swag_stag"],"rewardGameplayItems":[],"priceUSD":29.99},{"id":"TREX_BUNDLE","name":"Scurvy Rex Bundle","description":"YARR RAWWR! Unleash the pirate dinosaur! This bundle includes:\n* 1 T-Rex Animal\n* 3 Pirate Outfits (Red+Blue Captain, Pirate Crew)\n* 4 Arm Pairs (T-Rex, Wings, Clampers, Hook Arms)\n* <color=#E4FF4A>10,000 Company Coins</color>","type":"BUNDLE","consumable":false,"enabled":false,"rewardSoft":0,"rewardHard":10000,"rewardResearchPoints":0,"convertOwned":false,"rewardAvatarItems":["animal_trex_shorthands","animal_trex_winged","bp_arm_l_hookarms","bp_arm_r_hookarms","character_trex_pirate","character_trex_pirate_crew","outfit_pirate_blue","outfit_pirate_crew","outfit_pirate_red"],"rewardAvatarItemsFlat":["acc_ear_l_earring_roundgold","acc_ear_r_earring_roundgold","acc_fit_head_piratebandana","acc_fit_piratecoat","acc_fit_piratecoat_red","acc_fit_piratevest","acc_head_piratehat","acc_head_piratehat_red","animal_trex","animal_trex_shorthands","animal_trex_winged","bp_arm_l_hookarms","bp_arm_l_trex","bp_arm_l_trex_short","bp_arm_l_trex_wing","bp_arm_r_hookarms","bp_arm_r_trex","bp_arm_r_trex_short","bp_arm_r_trex_wing","bp_butt_trex","bp_eye_trex","bp_head_trex","bp_tail_trex","bp_torso_trex","character_trex_pirate","character_trex_pirate_crew","outfit_pirate_blue","outfit_pirate_crew","outfit_pirate_red"],"rewardGameplayItems":[],"priceUSD":29.99},{"id":"TURKEY_HUNTER_BUNDLE","name":"Turkey Hunter Bundle","description":"* Turkey Animal\n* Turkey Body Parts\n* Hunter Outfit (Hat + Jacket)\n* <color=#E4FF4A>\u00a210,000</color> Company Coins","type":"BUNDLE","consumable":false,"enabled":false,"rewardSoft":0,"rewardHard":10000,"rewardResearchPoints":0,"convertOwned":false,"rewardAvatarItems":["character_turkey_hunter"],"rewardAvatarItemsFlat":["acc_fit_turkeyhunter","acc_head_turkeyhunter","animal_turkey","bp_arm_l_turkey","bp_arm_r_turkey","bp_butt_turkey","bp_eye_turkey","bp_head_turkey","bp_tail_turkey","bp_torso_turkey","character_turkey_hunter"],"rewardGameplayItems":[],"priceUSD":29.99},{"id":"VALENTINES_BUNDLE_A","name":"Valentine's Bundle Shirt and Glasses","description":"Spread the love while wearing this Valentine's shirt + glasses and rock <color=#E4FF4A>\u00a21000</color> coins on more items in Animal Company","type":"BUNDLE","consumable":false,"enabled":false,"rewardSoft":0,"rewardHard":1000,"rewardResearchPoints":0,"convertOwned":false,"rewardAvatarItems":["outfit_valentines_youme"],"rewardAvatarItemsFlat":["acc_face_glasses_heart","acc_fit_tight_fit_blue_tshirt_heartshirt","outfit_valentines_youme"],"rewardGameplayItems":[],"priceUSD":4.99},{"id":"VALENTINES_BUNDLE_B","name":"Valentines Suit and Rose Bundle","description":"Dress up like a true charmer with Valentine\u2019s Suit + Rose + <color=#E4FF4A>\u00a22200</color> coins. Love and style wait for no one. ","type":"BUNDLE","consumable":false,"enabled":false,"rewardSoft":0,"rewardHard":2200,"rewardResearchPoints":0,"convertOwned":false,"rewardAvatarItems":["outfit_valentines_suit"],"rewardAvatarItemsFlat":["acc_fit_business_suit_heartsuit","acc_mouthcorner_rose","outfit_valentines_suit"],"rewardGameplayItems":[],"priceUSD":9.99},{"id":"WITCH_BUNDLE","name":"Witch Bundle","description":"This spooky bundle comes with\n- Witch Outfit\n- Flying Broom item\n- <color=#E4FF4A>2500 Company Coins</color>","type":"BUNDLE","consumable":false,"enabled":true,"rewardSoft":0,"rewardHard":2500,"rewardResearchPoints":0,"convertOwned":false,"rewardAvatarItems":["outfit_wizardcloak_dark"],"rewardAvatarItemsFlat":["acc_fit_wizardcloak_dark","acc_head_wizardhat_dark","outfit_wizardcloak_dark"],"rewardGameplayItems":["item_broom"],"priceUSD":14.99}]