[{"id":"event_hell_altar","startTime":1760641200,"endTime":1762282800,"questID":"hell_altar","title":"It Hungers","description":"A strange altar appeared in the molten depths and should be investigated...","areaGroups":[],"spawns":[]},{"id":"event_snail_friend","startTime":1762714800,"endTime":1794250800,"questID":"snail_friend","title":"Snailed It","description":"Slime-chic awaits.","areaGroups":[],"spawns":[]},{"id":"event_halloween","startTime":1752784143,"endTime":1752784143,"questID":"","title":"Halloween 2024","description":"Past event","areaGroups":[],"spawns":[]},{"id":"event_thanksgiving","startTime":1752090088,"endTime":1752090088,"questID":"","title":"Thanksgiving 2024","description":"Past event","areaGroups":[],"spawns":[]},{"id":"event_snowstorm","startTime":1752090088,"endTime":1752090088,"questID":"","title":"Snowstorm 2024","description":"Past event","areaGroups":[],"spawns":[]},{"id":"event_valentine","startTime":1752090088,"endTime":1752090088,"questID":"","title":"Valentine 2025","description":"Past event","areaGroups":[],"spawns":[]}]