{"gitHash":"39f5be0f","fileSignatures":{"econ_avatar_items.json":"F2zrDVVYRZoAP2HBtRAOvY8MHGa2j/wkkwptQbZVAO8JyQZH8a6P6lXFyTebhQKvzfu98e9/G7re3KV7/4apCQ==","econ_crafting_materials.json":"ryueiCSXKsCANVbwU1EMlFQCOCBgimzaIHxX2eQrXvjFrBPaqRTcog82xLGISQvxkhrxM48OaHNa9LIMDRXWBQ==","econ_gameplay_items.json":"Dj56Rxn5toyJXwv3xOXAo7jn22a3UV0ktHmIQlErWsgiLoZw5/ACyQKbtmSFK1vXwepHqz/+w4OtWDqlLpSiBg==","econ_products.json":"KBFj/G+XoCYPTd3EAgx2/MN0cN1dBKkXd9YkPf1HMA/fBKkpBu8VOpuOUvRBXk8AzGWDjA+R2CxvFal7XksHAw==","econ_skill_tree.json":"PhnxCjBq0bjBEVUxTblnx1dcQC2q5IMw2PHK7IGF67lh0sDvjj60y2rDZa/wHOhQVt0N1ixjppDJLeeBAs0xCA==","econ_stash_upgrades.json":"YE3hF0r72w45zvakYDNeMKSPwy5pxBdRwc5/k/zbIFQhRj1VUFxenGjQ/U4hNDWX+ynkjYNAaXOCJqODPm4zAQ==","econ_loot_table.json":"zGBCM9c93NNwW91R+BLPcTDWPfLgbDXFzW3RLUtrToxKSf3MaUi81OA7hwHsJ9GyzFh4e8/lmBFUNX5GtdDyDA==","econ_loot_table_bindings.json":"NxZOk3sk9FVZZy4+XVUYxWovZ31rIPbnigHHHIJJPF/OjKXn/P+81hH4CQbSEk6b1oh0liIlthgcF9ZdpbkdAA==","econ_events.json":"zZefEGjswHxBJhCyui2rbB0s2ZbdDfuz/qnbSc1WuZf2ThD7zTXP7SBMIkfsTFmgxPFjrSr4FQzDDYs/QZNeCg=="}}